TEXT,Label,Notes
Petal is rly sad,,
"I hope people can understand where I’m coming from when I say this. But is anyone finding it hard to listen to this album because it makes them feel very sad? This album honestly really upsets me, breaks my heart for her. I just really feel like she goes through a lot :(",,
,,
,,
,,
,,
,,
0:00 / 0:00,,
,,
AdWarm5395,,
•1mo ago,,
Honestly I listen to it because in a way I relate to the pain but yeah it’s a dark album compared to her last,,
244,,
Comfortable_Mess9702,,
•1mo ago,,
"❤️‍🩹interesting. I guess I can’t relate to it, so a lot of these themes are pretty confronting to me ! I’m so glad it is a comfort to you ❤️",,
8,,
honeyhibiscus,,
•1mo ago,,
"same, I find it such an accurate portrayal of both the despair and hope I’ve experienced in my life, and more importantly - the magic and resilience in it all :)",,
71,,
fitwbren,,
•1mo ago,,
Same here! I wonder how it would feel to experience this album without that element of resonating with the pain and themes. It actually made me reflect a little because the feelings it evoked should not have felt so normal to me 😭😭,,
20,,
Thicc_Vegan_Thighs,,
•1mo ago,,
"same, i'm going through a ton of shit right now no normal person should be expected to shoulder. yet, we are. and here's petal to listen to",,
14,,
etherealpeepster,,
•1mo ago,,
We're all going through a lot of shit that normal people shouldn't go through. It's part of living in the end times unfortunately.,,
4,,
Thicc_Vegan_Thighs,,
•1mo ago,,
"for me personally, it's way deeper than the pain of living in the end times 💀 but yeah, i'm glad it's relatable to everyone",,
5,,
etherealpeepster,,
•1mo ago,,
Yeah I get it. But we're all going through various traumas because there's so much evil in the world is all I'm saying. I hope you're able to heal xx,,
2,,
killuminadia,,
•1mo ago,,
the warning signs interlude breaks my heart 😭 the whole album definitely has a somber feel to it though:( just want her to be happy,,
30,,
Comfortable_Mess9702,,
•28d ago,,
"Me too, holy shit it is so heartbreaking",,
1,,
Minirth22,,
•1mo ago,,
"LOVE warning signs, it’s so intense and beautiful it feels like a cry from her soul.",,
4,,
samuraigrinch,,
•1mo ago,,
I can’t listen to the album at all.,,
,,
"As much as I like the songs, I’ve come to realize that every time I listen to it I get sad. The themes in it are devastating and you legit see Ariana Grandes psyche in it. The whole album is her telling how she’s a puppet of the industry, how she perpetuates it bc it also benefits her. At the end, you realize the last two songs is a representation of escapism for her.",,
64,,
Comfortable_Mess9702,,
•28d ago,,
Yes !!!!!!!!!!! What a beautiful analysis. This really highlights how incredible she is as a songwriter. She is so fucking underrated as a songwriter,,
3,,
traumaqueen-420,,
•28d ago,,
"Im listening, but like mid song I will feel so guilty. Its conflicting. She doesnt want to be this person we think she is and she wants to step away from music (a bit) and move into acting, where she is embraced for her talent and not for her pop star persona. I will follow her there, but it breaks my heart for her that she is feeling smothered and unheard :(",,
4,,
evermorekid,,
•1mo ago,,
"So interesting. Maybe because I am finding so many of my stories in hers, I don’t find it sad. Dark yes, but brimming with hope, light and love. I would describe it as a release from the darkness, and finding those brighter days.",,
22,,
Comfortable_Mess9702,,
•28d ago,,
"Im learning through comments like yours on this post, i think because I personally haven’t probably felt emotions that dark, deep, complex, painful, idk the right word, before if I’m being honest with myself, I’m finding it really confronting to listen to. I’m really really glad it gives people who understand those emotions and situations a sense of hope, it must be very powerful.",,
,,
I rly think her music really resonates most with people who are extremely emotionally intelligent and feel a LOT a lot a lot and very deeply. Ur comment makes me think this more,,
2,,
evermorekid,,
•27d ago,,
"This is a beautifully articulated, incredibly insightful, and thoughtful comment. 🤍🤍",,
2,,
HeyFiend,,
•1mo ago,,
I can see why it could make people sad but I lean more toward how you feel. I felt happy for her to let out her feelings into some great music,,
9,,
REDDEADALI222,,
•1mo ago,,
I thought that said “bad”😭,,
8,,
Comfortable_Mess9702,,
•1mo ago,,
Omfg girl never,,
15,,
,,
,,
,,
,,
Collapse video player,,
0:00 / 0:00,,
Excellent_Sort_2099,,
•1mo ago,,
She really does go through a lot. I just wish everyone would celebrate her immense talent. But it feels like any sub I go to other than this one is people talking shit about her.,,
,,
Edit: I do want to say that I am listening to petal almost exclusively though. It is a very sad album but I love it and can't really get myself to listen to anything other than it right now.,,
133,,
LilSociopet,,
•1mo ago,,
"It’s so hurtful to see some people complain how Ariana isn’t using her voice to its ”full potential” in this album and they hate Petal for that. As if everything needed to be Dangerous Woman riffs. I love Petal so much, it’s so new and different from Ari and I appreciate the new creative direction and the feelings that come through so well. It’s my favourite album ever.",,
,,
"But also, the lyrics ”I won’t give you your fantasy this time” in Freak are very fitting to this, might even be a direct response.",,
34,,
Minirth22,,
•1mo ago,,
Sometimes I hear that line as “I won’t forgive your fantasy this time”. I love Freak so much.,,
,,
"I love her voice across the album, I love that she’s making the music SHE wants to make and singing the way she wants to.",,
,,
The entire world is on her ass. Pisses me off so much. People have to be deliberately stupid to listen to it and not HEAR HER.,,
,,
"I think Warning Signs/Interlude is my favorite. The way its first note repeats the last note of Freak, the rise in volume and intensity to that final “I wish someone could hear me” and she’s SINGING HER GUTS OUT DIRECTLY TO THE PEOPLE AND PEOPLE STILL DON’T HEAR HER AND WON’T LISTEN. DAMNIT it frustrates me so much.",,
13,,
LilSociopet,,
•1mo ago,,
"Warning signs has been playing in my head for the whole day today, it’s one of my faves from the album. She gets so much unnecessary and pointless criticism, it’s so frustrating.",,
,,
"It’s insane how people can be so entitled. It’s a creative business, Ari writes her songs herself, she chooses how to use her voice and lyrics.",,
,,
I’m glad Ari has chosen to shift from the popstar Ariana persona and create what she wants no matter who says what. She doesn’t owe anyone anything.,,
7,,
Continue this thread,,
Little_Chipmunk1,,
•1mo ago,,
"Yup, it’s so heartbreaking. People just don’t understand and hate on someone they don’t even know",,
21,,
Chynaberrytree,,
•1mo ago,,
And the things that we do know are positive things. Yet people twist them to fit a negative narrative. She deserves so much better!,,
15,,
Little_Chipmunk1,,
•1mo ago,,
Yes exactly! Like I get it if someone just doesn’t enjoy her music but why twist the facts to just hate on her. She’s genuinely an awesome person with so much talent and a beautiful heart,,
5,,
etherealpeepster,,
•1mo ago,,
Same I haven't listened to anything else since the album dropped..not even lil peep,,
8,,
hancocklovedthat,,
•1mo ago,,
"Petal, to me, is the other side of ES. It was initially a hard listen for me because I get emotional listening to music easily and I've been an Ari Stan since 2010 but this really is a darker album because she's been through hellllll and I think this album was brutal acceptance. As someone with complex trauma there comes a time when the love and light wears off.",,
87,,
YogaConvert,,
•1mo ago,,
Yeah Ive been listening to the albums back to back and agree with your take. I really love listening to We Cant Be Friends and HTIMYLM bc they give yin yang vibes,,
25,,
Minirth22,,
•1mo ago,,
"YES YES YES! I see such a strong progression from Eternal Sunshine to Brighter Days to Petal. Thematically, lyrically, vocally, these projects are linked together!! And I’ve liked each better than the last, and been surprised each time!",,
4,,
Justchilllin101,,
•1mo ago,,
How would you explain the progression of each? Would love to hear your take!,,
2,,
,,
,,
bcmons,,
•1mo ago,,
yup,,
1,,
pink_apophyllite,,
•1mo ago,,
"As someone going through an incredibly difficult time in my life right now, I find it cathartic because I feel understood. I have it on repeat daily at the moment, because it has so many similar themes to what I’m experiencing.",,
,,
"I also find it freeing in some ways too, with her finally letting out her anger. And hopeful, with a song like Nowhere, Nobody, because at the end of the day all we really have is ourselves to support, protect and be with.",,
52,,
ForecastForFourCats,,
•1mo ago,,
I hope things get better soon ❤️‍🩹,,
10,,
hikari_sykes,,
•1mo ago,,
i’m at the same point in my life atm,,
petal has helped me a lot gng through this trying times and has definitely saved me 🤍 i literally decided to get it tattooed and got the petal logo tattooed on my arm some weeks ago (literally decided to break my 9 yrs tattoo hiatus to get 5 tattoos ab ari) and im so so happy with the result and feeling so happy and blessed to have ari and her music in my life 🤍,,
,,
"hope you get through all you are having rn darling 🤍🤍🤍 we aren’t ari but we can relate to what she says in petal in many ways and can emphasise with her, we can understand her to some extend. she has always put her music out not only to heal from her own experiences but to also give us a place where we can feel understood and that we aren’t gng through this heavy stuff alone, at least that’s what i get of all this. ES was my life jacket in 2024 and now petal is in 2026 🤍🤍🤍 and i’ll be forever grateful to ari for this, bc even tho i don’t know her personally and she doesn’t even know my existence she has helped me immensely and has brought me so many joyous moments since i became her fan 🤍🤍🤍",,
5,,
Minirth22,,
•1mo ago,,
"OMG that was beautiful to read, I feel so much of this. ES and BD came at a crucial horrible time for me, and now Petal is getting me through this year’s nightmare.",,
,,
"I’m so thankful for this music. I’m glad it has been a comfort to you, and I hope brighter days are close for all of us.",,
3,,
hikari_sykes,,
•1mo ago,,
"tysm darling 🥹🤍🤍🤍 happy you found it beautiful 🥰 ariana means so much to me, she’s and always have been a huge part of my life",,
,,
brighter days ahead was literally magical too and warm and past life are probs of my faves tbh (apart from eternal sunshine song which is almost my fave along with other ones too bc i can’t choose only 1),,
,,
i’m happy to hear ariana is helping and healing so many of us 🤍🥹 and v happy to see that there’s still some honest and healthy spaces to talk about how ariana is such a blessing for all of us 🤍🤍🤍🥹🥰,,
,,
"hope u are alright darling, take care 🤍🤍🤍🫶🏻🫂",,
4,,
Minirth22,,
•1mo ago,,
"Thank you so much for your kindness!!! I feel the same way you do, I’m so grateful that Ari has given us this beauty when the world is so cold and hard. It takes enormous strength to turn pain into beauty. I never imagined I would come to feel so strongly about her!! My sister is SO CONFUSED by it!",,
3,,
Continue this thread,,
hyacinthgirl95,,
•1mo ago,,
i think it’s a lot of her coping with everything that has happened since her split with her ex husband. i found it really hard to connect songs to any specific individual in her life.,,
24,,
Justchilllin101,,
•1mo ago,,
Yeah the lyrics are very vague on this album compared to her previous work which I believe was intentional.,,
4,,
partyingwithjesus,,
•1mo ago,,
"yes for sure. it makes me feel so bad for her and all she’s been through, especially within these last 6 years. the scrutiny, even from her own fans some of the times. and she keeps giving more than she has to. we rlly don’t deserve her. also the more i listen, the more i interpret the songs as a goodbye to the fans before her alleged hiatus after tour. i get very emotional every time i listen, especiallyyyy with oh well. and kiss me. :(",,
19,,
ari_is_here2,,
•1mo ago,,
"I don’t find the album sad because she needed to get this out that she’s been holding in and make art with it. What I find sad is basically everything she talked about throughout the album on how people treat her being gp, fans, and media literally proved her point again and happened in real time as soon as the music video came out. Then the album comes out and you get people being like this isn’t what I wanted, I want pop, I wanted ponytail I want number 1 on the charts, this is a flop bring back old Ari. Like everything she wrote about happened again in a matter of hours and no one listened to what she was trying to say and it was wild to see and sad to witness. She’s been through so much and honestly she was right we “don’t deserve her”",,
19,,
Minirth22,,
•1mo ago,,
"And the way she wants someone to hear her and THEY STILL AREN’T LISTENING. Fuck, the lazy ass criticism of petal online makes me so angry. How can people listen to or watch the music video and NOT HEAR WHAT SHE IS SAYING?!",,
6,,
ari_is_here2,,
•1mo ago,,
And THEY WILL NEVER LISTEN at this point. And the worst part is that “fans” are already demanding ag9 saying we’ll petal isn’t doing it for me let’s forget it happen and move onto the next. Like this was her album that she really expressed everything that she has been feeling for years about how she’s been treated and yet it wasn’t good enough for them and they didn’t understand a single thing about it,,
6,,
Minirth22,,
•1mo ago,,
"I wish I could disagree but I can’t. Individuals may change their mind about Ari, but that venomous subgroup will never bend.",,
3,,
u/KitKat_USA•Ad,,
Give them a break they'll love. Pass out KIT KAT® this Halloween.,,
Shop Now,,
walmart.com,,
Collapse video player,,
0:00 / 0:00,,
NoAd2704,,
•1mo ago,,
I keep telling people this. This is her saddest album to date. Someone really hurt our girl bad.,,
14,,
-carefully-,,
•28d ago,,
yeah. us (gp). 😩,,
1,,
Moshibeau,,
•1mo ago,,
yeah it’s like a big “f u im out”,,
13,,
megatronsweetener,,
•1mo ago,,
literally its bye this time for real😭,,
9,,
tonyorlandoshouse0,,
•1mo ago,,
agree 100% its the saddest listen by far of any album lol,,
9,,
Relevant-Wheel-9847,,
•1mo ago,,
"i just feel this is the first album that Ariana performs like a real person but not a popstar.it's not like sweetener/eternal sunshine have the kindness or inclusivity as a public figure.the struggle ,tiresome even quite numb s voice in some songs made her more real",,
9,,
Minirth22,,
•1mo ago,,
"Oooooh, this is such an interesting angle! Petal does feel completely different.",,
1,,
StrongQuiet8329,,
•1mo ago,,
"Yeah, especially nowhere nobody. Like it's supposed to be comforting, but that one just makes me feel so awful for her 😮‍💨🥀",,
8,,
traumaqueen-420,,
•1mo ago,,
"Yeah. I feel like I understand her. This album has definitely moved me to tears, in the context of her life, and in the context of my own life. Im pretty sure thats hella parasocial tho.",,
7,,
Fattyoftheyear,,
•1mo ago,,
I don't think it's parasocial. It sounds like you relate to the music!,,
4,,
-carefully-,,
•1mo ago,,
omg i have been waiting for this post 🫩 yes absolutely so hard to listen to.,,
7,,
batcatarmadillo,,
•1mo ago,,
"If i take the lyrics at face value, it really breaks my heart. I totally see where you're coming from. I also think, no one forced her to make this record, if anything everyone thought es:bda was going to be her last release for a long while. So if she didn't want to put these out, she wouldn't. Hopefully releasing them is cathartic for her as it is for us listening.",,
6,,
Normal_Mouse2479,,
•1mo ago,,
They say an artist need tears to write again,,
10,,
,,
,,
mymyamimi,,
•1mo ago,,
"I was listening to it in full in the car yesterday and when I parked up and turned it off I was like... wow that was so sad, but it's such a cathartic listen",,
5,,
SoggyAd5044,,
•1mo ago,,
I really like it as a) an alternative Ari fan (pop girly in disguise) and b) I'm suffering a heartbreak/love that couldn't be/love isn't enough/I chose no contact sorta thing ATM,,
3,,
Environmental_Ice526,,
•1mo ago,,
"It’s sad, but hopeful, and there’s a kind of enlightenment in it—a sense of self-realization. It definitely sounds like she’s been through a lot, but to me it also feels like someone setting boundaries and finding her footing again. There’s a real resilience to it. I enjoy and appreciate the album for that.",,
3,,
Traditional_Sky_9064,,
•1mo ago,,
"i agree, it's sad but in a way comforting, feels like a hug goodbye but you really don't wanna let go",,
3,,
Rude_Parsnip_6332,,
•1mo ago,,
I feel this way about ES and TYN,,
3,,
lilmonstahm,,
•1mo ago,,
i cry my eyes out when freak comes on,,
3,,
BookyCats,,
•1mo ago,,
I only listened once. It is too much atm for me.,,
4,,
partyshereee,,
•1mo ago,,
nah honestly it does have a heavy feel to it. there a few songs i couldn’t listen to unless im really in the mood and thats pretty uncommon for me as far as ariana’s discography goes,,
2,,
,,
,,
,,
,,
Comfortable_Mess9702,,
•28d ago,,
"All of these comments are so beautiful. It really shows how deeply she feels, and how much it resonates with all of you who also feel so beautifully deeply. And how it is all okay to feel this much. What a gift. 🩷🩷🩷🩷🩷",,
1,,
Odd-Mammoth-1143,,
•28d ago,,
if she released this in october itd have been better received imo. i agree - its dark and moody!,,
2,,
Potential-Bus-8919,,
•28d ago,,
"That’s how I felt about eternal sunshine, I genuinely had the hardest time listening to it without it deeply affecting me, but to be fair I was going through something very similar so it was just hard to hear. Petal is beautiful, but it is painful. Though it’s just another way of how she turns her pain into something more, I hope you can find comfort some day and listen to it properly.",,
2,,
Whyeff89,,
•27d ago,,
"Yeah, hard to get through. I’ve only been able to do a full listen twice. It’s a different type of grief than ES. That one was sad too but still hopeful.",,
2,,
BettieNuggs,,
•1mo ago,,
its so raw and relatable for once,,
3,,
Available-Lobster-73,,
•1mo ago,,
Yeah it’s just depressing. It’s not fun.,,
3,,
Accurate_Range2532,,
•1mo ago,,
"Yeah, I agree. it kinda is a disappointing album",,
0,,
Comfortable_Mess9702,,
•28d ago,,
I was not saying it was disappointing,,
2,,
woah_notmj,,
•1mo ago,,
"I was thinking that on my first listen through but, in a way, I like when you can feel an artist's emotion through their work. I hope she gets her happy ending like Taylor did, eventually.",,
1,,
Ill-Spell6462,,
•28d ago,,
"It’s a darker album and I agree that it’s sad what she’s going through. However, unlike thank u next, which dropped right when I was going through a very dark time in my life, I find it way less relatable. Not surprising, since it’s mostly about the perils of fame and her contentious relationship with the public.",,
,,
"All that to say— yes, it’s sad, but I have a hard time feeling sad when I listen to it.",,
1,,
Alarmed_Depth_291,,
•28d ago,,
I had a Linkin Park and evanescence phase. I’m used to depressing lyrics and aesthetics.,,
1,,
Infinite_Demand_2752,,
•25d ago,,
"reminds me of the visitors by abba, both albums by acts who've been at the top a long time and sound a bit done with it",,
1,,
,,
Petal is her best work,,
I’ve been a fan for 10+ years. Ariana put her ALL into this album. You either get it or you don’t.,,
,,
,,
,,
,,
,,
,,
,,
,,
VariousTea626,,
•2mo ago,,
"I feel like this is the type of music she has always really WANTED to make. She speaks often about Imogen Heap as one of her sources of inspiration, and I definitely get that vibe from Petal as a whole. I think the fact that she moved this album onto her own label is a big indicator of how much control she really wanted over this project vs. ones she's done in the past.",,
202,,
Electronic-Gap-563,,
•2mo ago,,
"i’m in the middle of writing a substack essay about this lol - connecting petal to imogen heap, björk, julee cruise, the 90s, dance music, etc. unsure if i'll post in the sub once it's done. soft-launching/gauging interest here",,
77,,
gwb18,,
•2mo ago,,
"This sounds so interesting, please share it when you’re done, I’d love to read it!! ☺️",,
24,,
VariousTea626,,
•2mo ago,,
Please do share! Would love to read your take on it :),,
14,,
Remarkable-Pirate214,,
•2mo ago,,
I'm so interested!! Please share a link when you're done and are comfortable!,,
5,,
Prior_Ambassador_897,,
•2mo ago,,
What about this album is connecting you to these artists? I hear none of that. I guess you could argue the 2 step/garage influence but I hear none of those other artists or influences.,,
-5,,
Electronic-Gap-563,,
•2mo ago,,
maybe it’s subjective but those are just my personal thoughts.,,
,,
"see “it’s not up to you” and “undo” by björk for lyrical similarity. vespertine as a comparison point for the wintery elements of the album. imogen heap’s “loose ends” and sounds of the Mi.Mu gloves AG has, on video, famously played with years ago. julee cruise for the darker notes on the album and spectral elegance.",,
,,
yeah i can’t say these reflect the pop diva elements present in “petal” but my observations are my own and may cherry pick the parts i find worth discussing ⬆️⬆️,,
6,,
Continue this thread,,
Puzzleheaded-Lynx647,,
•2mo ago,,
"Completely agree with you! Even though all her past work is of course amazing, I think she definitely had way more creative freedom with this album and had more control over how it was made, marketed, etc. No wonder she seems so happy and proud of it. Although it’s different, it does feel really her",,
16,,
honeyhibiscus,,
•2mo ago,,
"yes yes yes, so deeply personal and straight from her heart 🥹🌼 it’s amazing",,
9,,
sairemrys,,
•2mo ago,,
I love Imogen Heap and it's something I love that we share.,,
,,
Some songs made me so emotional because of Imogen's inspiration and you could just tell... Ari was LIVING for these songs.,,
7,,
RadiantAfternoon1291,,
•1mo ago,,
"I was so happy she explored the Imogen heap inspirations, she has expressed wanting do that for a long time! she absoutley did incredible 🩵",,
2,,
goobablo,,
•2mo ago,,
i can definitely hear the imogen influence in the last song on the album,,
3,,
velvet_maroon,,
•2mo ago,,
I agree with the other comments that say this album is something she has been wanting to do and territory that she has wanted to explore and finally got to. Makes me so happy for her. Pop music is fun but I think this more moody vibe is much more grown and relatable to at this time of her life and I’m glad she felt she was able to express it and share with the world. The first night she played petal live I could just tell by how she was dancing on stage that she was excited and really feeling herself.,,
29,,
Moshibeau,,
•2mo ago,,
it clicked for me on the second listen. the melodies are addictive and the lyrics go hard,,
37,,
Only-Oven-792,,
•2mo ago,,
Same! The first time I was kinda let down and went about my day. Then I realized some songs were already stuck in my head so I went back to listen… turns out it’s all I want to listen to 24/7 now!,,
4,,
,,
,,
,,
,,
Wide-Criticism-9477,,
•2mo ago,,
I absolutely love this album 🥺 it hurts to see people shitting on it,,
53,,
ComfortableMiddle741,,
•2mo ago,,
They doing what they did with positions they hating on it for no other reason than there trash people claiming there fans,,
19,,
Dry_Lynx_8716,,
•2mo ago,,
"They? I’m sorry, but positions is my personal fav of hers",,
0,,
ComfortableMiddle741,,
•2mo ago,,
Then it dont apply to u,,
11,,
Dry_Lynx_8716,,
•2mo ago,,
"It hurts, that diehard fans not able to accept other opinions on this album lmao",,
-12,,
lovingkindne_ss,,
•2mo ago,,
"You’re the one in the ariheads subreddit, you seem like a superfan to me",,
8,,
Dry_Lynx_8716,,
•2mo ago,,
"I don’t care what I look like for u, I’m a fan, but I know to criticise if smth doesn’t fit in my opinion. Thats a healthy behaviour with music from all artists, no matter who they are",,
,,
Downvotin unpopular opinions is Crazy. Pretty sure Ariana would not accept such intolerant Fans :),,
-2,,
Standard-Coww,,
•2mo ago,,
"Purely of curiosity ( not piling on to the above and didn’t downvote you ) what’s the criticism you’re making about Petal? I love it and don’t understand why people don’t, so thought I’d ask and learn 🤗",,
5,,
Continue this thread,,
Wide-Criticism-9477,,
•2mo ago,,
ew lmao,,
1,,
bo_risotto,,
•2mo ago,,
the fact it's my most listened-to album in the past 4 weeks even tho it only came out 3 days ago 😭 i love it so much i'm listening to it on repeat,,
23,,
Starsmoon_Gaming,,
•2mo ago,,
"Hey queen, our tastes are near the exact same! Genuinely hey, hi, hello, how are you?",,
4,,
bo_risotto,,
•2mo ago,,
oh hello queen !! we sure have great taste haha 🤝,,
1,,
1 more reply,,
Flat_Act_5576,,
•2mo ago,,
Listened to it 26 times before yesterday (up to 35 now) and its great. I rank it fourth in her discography,,
30,,
a-glitter-aries,,
•2mo ago,,
Where do you find this statistic? Oh my gosh I wanna know what I listened to each week lol,,
1,,
Flat_Act_5576,,
•2mo ago,,
"On Spotify, tap your name on the far top left corner, then tap Listening Stats and voila",,
1,,
NoxieCore,,
•2mo ago,,
"I had 232 plays of the album this weekend, got the recap from the Shelf app 😂😂 Total 342 plays of Ariana’s songs in total. I was surprised but not that surprised, I can’t stop listening to the album it’s amazing",,
0,,
Special-Whole-5726,,
•2mo ago,,
I disagree. I’ll probably have to listen to full album again but only 2 or 3 of the songs I find myself replaying. A lot of them sound kinda boring/similar with the same riffs and runs she always does. I also feel some songs don’t feel mature. There’s nothing too unique sounding besides petal and HTIMYLM.,,
Usually for me when she releases an album it will be on repeatttt. And every song has something that is so addictive. This one isn’t finding me yet. Just my opinion…,,
18,,
Strong-Stretch95,,
•2mo ago,,
It’s incredibly disappointing after she said eternal sunshine was all about healing and being happy I thought this would be a more fun continuation of that.,,
5,,
anxg_xie,,
•2mo ago,,
Same I did not fiend myself replaying any songs,,
2,,
Electronic-Gap-563,,
•2mo ago,,
my thoughts exactly. ariana the producer is truly not of this world,,
23,,
palomawesome,,
•2mo ago,,
yessss people always wanna talk about “why doesn’t she focus on her voice anymore” but they’re not listening to the production which is really what shines on this album,,
8,,
stupidbrain13,,
•1mo ago,,
"omg yes this 100%. the fucking LAYERS this album has. literally pick any song on the album and try to isolate each sound… like the attention to detail is incredible. that stuff takes a LONG time to piece together and it’s HARD. i’ve listened to the album all the way through several times now and i still notice different things that i didn’t notice before in each song. this album very original and and as someone who listens to a LOT of different music, the way she blends sounds throughout the album aren’t like anything i’ve heard before. all while still being able to notice where she drew inspiration like others have said. IMO, this is BY FAR the best work she’s done. a true master at her craft.",,
2,,
,,
,,
,,
,,
,,
,,
Arixnk,,
•2mo ago,,
"I think too it’s her best work, she poured her soul into this. I still really love dangerous woman too, but Petal has something, magical.",,
2,,
kiwi-taro,,
•2mo ago,,
"It’s so ethereal, transformative, and beautiful 😭💕",,
7,,
user983737282,,
•2mo ago,,
"Personally, I don’t agree that this is her best album, but I still really like it and it’s growing on me more and more every day. Upon first listen, I felt a little split on my opinion of it. I was halfway disappointed with the album as a whole, but I still throughly enjoyed quite a few tracks. My favorites are big feelings, petal, and never get over me. i also love kiss me stay, oh well, warning signs, like i do, and bad thing bunny hop (lol the whole rest of the album) Initially i thought some of the other tracks were a bit weaker for me, like bad thing bunny hop did not hit for me on the first listen but now im loving that track, i like how different it is for ari, its just a really sweet and feel good song. i don’t really like freak or nowhere, nobody. i can’t really see myself listening to those at all ☹️ Overall I still think her best albums are Positions, Sweetener, and Eternal Sunshine; these albums just feel so cohesive and the tracks are all very complimentary of each other and just feel like solid pieces of art, whereas with petal i just feel that some of the songs held back in alot of ways, mainly in the vocals. I think her voice could have been utilized differently in some of the tracks. And I love songs that are complete ear worms and have addictive replay value and this album is lacking that for me aside from big feelings, that’s really the only track i keep hitting replay on because it’s so good. I still don’t know where I’d place Petal yet, maybe it will make its way into fourth place for me eventually.",,
4,,
Electrical-Web-7552,,
•2mo ago,,
"I completely agree, I've been a fan for 12 years. She was so real with this album and people are not actually listening to what she's saying on it. I don't understand how they don't get it, she said it plain as day",,
10,,
That-girl_H-3-R,,
•2mo ago,,
"I love this album HOWEVER COMMA just like I feel like it is too soon to form negative feelings such as “this is her worst album” I feel the same about this one. I wanna let it marinate how will it age, how will I feel about this song 6 months from now, and how will I feel about songs that weren’t my favorite. I always liked HTIMYLM but I didn’t love it until it just clicked for me one day. I usually like to give her albums a year or two before I give them the crown. I’ve loved her since victorious and I think this definitely feels like she had full creative control. I know in the past she put out songs that she really wasn’t in favor of releasing Petal doesn’t have that same feeling.",,
6,,
ImHereMe,,
•2mo ago,,
"Yeah same. I love love love this album rn and it’s been on repeat, I can’t call it my fave or her best until it’s been a while. I can barely remember what her other work sounds like because this is all I could play.",,
,,
"But I finally went back to Position, and I was reminded this is still a whole vibe and one of my faves. I think I’ll be able to do a proper (and confident) ranking in a couple months.",,
1,,
Beautyanddumb,,
•2mo ago,,
"Honestly when i first heard it i was so confused and i thought i did not like it but after 2-3 listens i love it man , atleast 6-7 songs on the album are on repeat for me and that’s a fair number to love an album",,
5,,
Spare_Director207,,
•2mo ago,,
y’all say this about every album 😭 this was her most mediocre album,,
8,,
KoalaOk3336,,
•2mo ago,,
same i adore this album so much can't stop replying it since it has released,,
6,,
Strawberry_shay7,,
•2mo ago,,
This is exactly what I said. Petal is a masterpiece,,
6,,
RadiantAfternoon1291,,
•1mo ago,,
"I think I’m feeling this way too. Im such a huge longtime fan, I caNNOT stop listening to this album and I already listen to her a lot lol 😭🫶🏼. She captured so much of herself! Like she poured so much of her personality, her interests, and her talent!! It comes through so strongly in this album, it’s PEAK !!!! You can tell this is music she really wanted to make and is soooo passionate about it",,
2,,
Sparkson109,,
•2mo ago,,
Me when i lie,,
3,,
Actual-Gift6873,,
•2mo ago,,
Warning signs is so good,,
3,,
Spare_Data2990,,
•2mo ago,,
Not really but nice bait,,
1,,
masa-p,,
•1mo ago,,
"I love this album! I was a huge fan during sweetener and thank u next eras but then I didn’t really like her later albums, they just fell short to me. But this one I think is amazing!!!",,
1,,
afischyfisch,,
•2mo ago,,
im sorry but i really love more positions and sweetener 😭,,
9,,
mazipan123,,
•2mo ago,,
I love it specifically because of how honest and real it is. Any “fan” bashing it clearly doesn’t understand the lyrics and her intentions for the album.,,
1,,
Jmac_95,,
•2mo ago,,
Totally agree,,
1,,
ThEtOrRtUrEdPoEt,,
•2mo ago,,
I have a hard time disagreeing honestly. Only album imo that comes close and might be slightly better imo is dangerous woman,,
1,,
xannycat,,
•2mo ago,,
Especially once I realized none of it is about romantic relationships (except maybe bad thing? But debatable),,
1,,
b4dvulf,,
•2mo ago,,
This is one of the most sonically cohesive albums of the 21st century. A true masterpiece ✨,,
-3,,
stupidbrain13,,
•1mo ago,,
jesus christ the downvotes 🤦‍♂️ i agree with you 100%. mfs downvoting literally have no idea how music works or how sounds and beats are made at all. what she did on this album is HARD and takes a LONG time. the many different layers she blended together on each song is impressive. truly incredible talent.,,
2,,
cutiepietoebeans,,
•2mo ago,,
"Yes, and it’s bittersweet. It feels like a goodbye",,
-8,,
kiwi-taro,,
•2mo ago,,
"Idk why people are downvoting you, i feel the same way.",,
8,,
Dry_Lynx_8716,,
•2mo ago,,
"True, But it’s not her Magnum Opus lmao",,
2,,
,,
Your honest opinion on petal,,
"I’m really interested to know everybody’s opinion on petal because for me personally, I have complicated feelings about it.",,
,,
"There are songs I adore and think could be all time great Ariana grande songs for me personally, petal, freak and like I do. And I have been streaming it almost daily since it came out waiting for it to just click. I always have a sort of come to Jesus moment with every Ariana grande album within like the first week. I listen in multiple different setting to see if it clicks but with petal I just didn’t have that moment yet, something like positions did take slightly longer but I was on the positions train within the first 2 weeks, with petal it’s very different because It’s just such a completely new album for her, she doesn’t have another album like it.",,
,,
"It’s in the bottom half of my rankings if I’m being honest but in no way is it her worst work I think it’d be another artists best work actually. Anyways what do you think about it, no judgement if you think it’s her best or worst lmao.",,
,,
,,
,,
,,
,,
,,
,,
,,
No_Attitude8213,,
•3d ago,,
"petal is definitely a grower. when i heard it the first time, it was like meh, but now after multiple listens i love it. it is like a lovechild of eternal sunshine and dw. idk if you have heard the live versions, but that is so much better",,
139,,
Ok_Criticism_7148,,
•3d ago,,
"Oh it already 100% grew on me. My reaction on release day was very different from now. For the record I think it’s a good album with layers to it that I’m tryna unpack lmao. And yes I did watch those videos of her performing on tour, Petal live was crazy",,
18,,
Xxxpeaches1,,
•3d ago,,
"I got to see petal, htimylm, oh well and like I do live. I almost just imploded in the damn United center",,
8,,
No_Attitude8213,,
•3d ago,,
lucky,,
1,,
raspberrywines,,
•3d ago,,
That’s so interesting bc I loved Petal from the first listen and already knew which songs I’d have on repeat (like I do & never get over me).,,
,,
"I just caved and bought the live album and am obsessed. k bye for now is my fave album bc Ariana is one of those rare artists where her live performances are even better than the recorded songs. Even my husband who isn’t an Ari fan commented on the Petal live album that it was insane how good she sounds live. I was at the show that part of the live oh well track was recorded at (Montreal July 31, album release day!) so I also like pretending I am also on that track as part of the screaming crowd 😂",,
7,,
Weary-Pangolin2264,,
•3d ago,,
"It really felt like a breath of fresh air to me, and I haven’t had that specific feeling since sweetener (LOVE everything that came out in between but this just hits so different)",,
30,,
Ok_Criticism_7148,,
•3d ago,,
"I love that it’s not following algorithm pop and it doesn’t feel perfectly sanitized for radio. I’ll tell you what I do see the sweetener connections, sweetener was so unlike anything being made at the time and this feels the same way.",,
6,,
howsyourtummyhoney,,
•3d ago,,
I love that she decided to release an album that she wholeheartedly loves and supports. I will admit the album took a few listens to grown on me but I’m obsessed with how moody/dark the album feels. She was sending a message with this one and that I fully support.,,
,,
I get that the album isn’t full of commercial bangers but I don’t think this record was for the charts or for all of the people. I think it’s a great representation of where she is at in her current life and that’s all I can ask for from an artist.,,
,,
Freak into warning signs is absolute magic. ✨,,
68,,
howsyourtummyhoney,,
•3d ago,,
Also you watch so many more fans + people come around to this album in a few years.,,
11,,
Ok_Criticism_7148,,
•3d ago,,
"I do think so, people love to hate on release week. I guarantee you next album people will say go back to petal style music we miss that",,
7,,
Ok_Criticism_7148,,
•3d ago,,
"I do think it’s absolutely an album she needed to make to get it off her chest rather than album she simply wanted to make. It feels urgent in a way. Eternal sunshine felt very calculated, the emotional story felt very thought out while this feels a whole lot more heat of the moment. I think honestly it does hold the album back at times but makes songs like petal seem so authentic to me.",,
2,,
ComfortableMiddle741,,
•3d ago,,
So u gonna ignore eternal sunshine petal was her doing it how she wanted but so was eternal sunshine,,
3,,
,,
,,
,,
,,
,,
0:00 / 0:00,,
ari_is_here2,,
•3d ago,,
Honestly I think Petal the album is the kind of music she has alway wanted to make and experiment with. She said she only did the big pop hits early in her career so the record label would trust her to eventually do whatever she wants and I think she got that wish with petal. And I vibe with it.,,
102,,
idkidcabtmyusername,,
•3d ago,,
maybe with my everything or dangerous woman but i feel like ariana has always had a clear vision with what she puts out. yours truly didn’t feel forced by her label at all.,,
30,,
Ok_Criticism_7148,,
•3d ago,,
I actually think she was much more involved with dangerous woman than we think. It was following donutgate and the bad girl reinvention always felt authentic to her not a label produced image,,
15,,
idkidcabtmyusername,,
•3d ago,,
"she said she doesn’t like touch it, the rollout was a little messy, and none of the singles were rlly r&b, so it did feel a little out of character. i think she still adores the album but not as much as her other ones. i think ME and DW would both probably be her least faves.",,
4,,
Ok_Criticism_7148,,
•3d ago,,
"And she despises bad decisions if you’ve ever seen that clip lmao. I do think yea sweetener is when she took full creative control and it felt like an artistic rebirth. And dangerous woman was sort of her doing perfect pop, I think people want another dangerous woman but it’s never gonna happen, it’s a one of a kind thing that could’ve only been created by that version of Ariana.",,
7,,
Continue this thread,,
ari_is_here2,,
•3d ago,,
I’m just going off of what she said during press the interviews for eternal sunshine album where she said it. Nothing was forced but she did it to make the record label gain her trust and trust her ear and talent to do anything eventually. Early in her career republic records had her everywhere and anywhere. On movie soundtracks on multiple peoples albums just going along for the ride,,
14,,
idkidcabtmyusername,,
•3d ago,,
i mean if she said that during eternal sunshine promo she wasn’t talking abt petal. she’s been making the music she wants to make for a long time. petal isn’t the exception.,,
3,,
Ok_Criticism_7148,,
•3d ago,,
Hmm. I honestly think every album after,,
"Sweetener was exactly what she wanted to create at that period of time. Idk if petal was the album in her mind in like 2014 or 2015, it’s completely authentic to her right now and I do feel that within the music.",,
11,,
ComfortableMiddle741,,
•3d ago,,
So we gonna ignore eternal sunshine,,
4,,
Sharp_Cat_6124,,
•3d ago,,
ikr its better than petal,,
1,,
ComfortableMiddle741,,
•3d ago,,
I love petal,,
2,,
BrighterPOV,,
•3d ago,,
I agree 100%,,
2,,
Able_Relative4049,,
•3d ago,,
"I’ve been a casual listener for a long time. Always respected her vocal and comedic abilities, featured her in some playlists, but never made an effort to listen to her albums start to finish for whatever reason. Eternal Sunshine and Petal I listened to start to finish multiple times and I watched the music videos. They feel much more emotionally raw, grounded, and cohesive. I really like the direction she’s taken in her music lately and I respect that artistically",,
33,,
Ok_Criticism_7148,,
•3d ago,,
"I remember thinking the change from positions to eternal sunshine was so drastic because I’ve been a fan forever. But then I appreciated her new music so much more once u abandon the old versions of her you cling to. I’ll always her emotionally attached to the thank u, next era despite it being a rough time in her life, the era itself was very foundational to my taste in music. But I love the eternal sunshine era as much now. I do think recently she’s made an effort to remove all aesthetics and place to focus on the music which made her more respected as an artist",,
5,,
barbajorj,,
•3d ago,,
"I listen to it every morning while I commute to work. I like the setting and the vibes overall. I also like how in a different pov the whole album can be about her toxic fans and the relationship of Ariana with them. I love most songs especially from big feelings to bunny hop. Interlude is a fucking masterpiece once again. Oh well and nowhere nobody are a skip for me (I still listen to them though). Overall it’s my 3rd fav with the ranking going 1. ES 2. Positions 3. Petal, but I’m sure it will go up at some point. Also the fact that it “doesn’t go well like the other albums”, kinda makes me like it more as it feels more personal, the less fuzz the better (idk if it makes sense, I’m not being derogatory)",,
7,,
Ok_Criticism_7148,,
•3d ago,,
"I listen to it every night. I go on these night walks everyday where I listen to it. I enjoy it Everytime of course, but idk how to describe it, when tun came out I was listening to it because I wanted to hear those songs like a million times. With petal im listening because I need something to listen to. It’s more internal lmao dk how to explain it. But I do agree that it feels very personal like there was little to no label interference",,
1,,
Xxxpeaches1,,
•3d ago,,
It is 100% one of her top 3 albums. Every single song is so so good. I cant pick a favorite. They’re all so perfect. I love everything about it.,,
33,,
Ok_Criticism_7148,,
•3d ago,,
"Oh 100% it’s probably one of if not the most front to back album she has, it’s very cohesive so it just washes over me in a really nice way",,
6,,
Xxxpeaches1,,
•3d ago,,
I got to hear her sing 4 petal songs live so I maybe a little biased lol,,
1,,
Ok_Criticism_7148,,
•3d ago,,
You’re so lucky lmao that’s really great though. What was your favorite live,,
1,,
Continue this thread,,
Xxxpeaches1,,
•3d ago,,
For reference my top 3 albums are 1.positions 2. Petal 3. Eternal sunshine brighter days ahead.,,
11,,
J_larry,,
•3d ago,,
"It’s a no-skip album for me, but to get to that point took a week. Immediate favorites were: Freak, Petal, Like I Do, Bad Thing, and Nowhere, Nobody. The other songs were growers, but I eventually started liking them too. If ranked with the rest of her albums, then it would probably be in the lower half for me as well. That doesn’t make it a bad album though since all her albums have been great",,
6,,
Ok_Criticism_7148,,
•3d ago,,
"Yeah yeah exactly, immediately better than half the ‘popular’ songs nowadays I much prefer it to like Ella Langley and wtv is on the charts now. I think her and Olivia and raye really did carry music this year. Taylor’s coming though so I’m excited for that",,
1,,
,,
,,
,,
,,
,,
,,
Moshibeau,,
•3d ago,,
i see her vision. she COOKED and ATE,,
,,
i must confess i always skip and start the album on petal,,
4,,
Ok_Criticism_7148,,
•3d ago,,
I see the vision as well. It’s very dark and like felt like an evolution from eternal sunshine.,,
2,,
alternateuniverse098,,
•3d ago,,
"I genuinely like it a lot. And I havent been a fan for long, only since eternal sunshine. 💛",,
3,,
Ok_Criticism_7148,,
•3d ago,,
What’s your favorite album??,,
1,,
alternateuniverse098,,
•2d ago,,
Still ES as of now but I'm slowly making my way through her discography ☺️,,
1,,
Sharp_Cat_6124,,
•3d ago,,
its like a watered down ES but in a good way,,
,,
8,,
Ok_Criticism_7148,,
•3d ago,,
"What do u mean by watered down lmao. I feel like it’s more produced than eternal sunshine, eternal sunshine was very minimal while this focused more on the production",,
1,,
Sharp_Cat_6124,,
•3d ago,,
its like a weaker version of ES cause there kinda similar but positions is head and shoulders above all,,
,,
1,,
Ok_Criticism_7148,,
•3d ago,,
Ohhh yea okay makes sense. I love positions so much. I think I do prefer eternal sunshine to petal for now,,
1,,
satirisanti,,
•3d ago,,
I feel like songs like wcbf and yes and tackled her reaction to the public’s opinion on her more concisely than petal,,
-1,,
silkyhippo,,
•3d ago,,
petal for me has been so fun to explore. i was so confused when i listened to it for the first time because sonically i felt it was such unfamiliar territory for ari but it has grown on me so much. it makes me really excited to see her develop more as a lyricist and producer and i love that she was able to make something that sounds so fresh but is also so vulnerable,,
2,,
Ok_Criticism_7148,,
•3d ago,,
"Me too. My first listen I turned to my friend and said, well atleast it’s not the same thing as eternal sunshine. I’m excited to see where she goes after this break",,
1,,
cognacqueen69,,
•3d ago,,
"tbh its probably one of my least favorite albums, i dont know how to explain it but the songs just dont seem as put together as her other work, i love some songs but i just am underwhelmed with the album as a whole",,
8,,
Ok_Criticism_7148,,
•3d ago,,
I do think it was slightly rushed in a way where if she would’ve maybe thought it out a little longer it could’ve been better. But it being put out so fast was because she needed to make it so it feels really authentic to me,,
1,,
cognacqueen69,,
•3d ago,,
"yeah i agree like i think its what she has always wanted to make, but i think at the same time she couldve benefited from having her song writer friends help her with the songs. i love ARI down sooo much but going from ES to Petal just felt like very underwhelming! 😭 I love some of the songs tho!!!",,
0,,
laciesview,,
•3d ago,,
They mad but you’re right,,
0,,
idkidcabtmyusername,,
•3d ago,,
why are ppl downvoting u for sharing ur opinion omg 😭,,
8,,
cognacqueen69,,
•3d ago,,
"i was expecting it lol. this aint a safe space,",,
god forbid someone has an opinion that doesnt match ur own🤣,,
8,,
Ok_Criticism_7148,,
•3d ago,,
I really wanted everyone to be completely honest here lmao,,
4,,
satirisanti,,
•3d ago,,
I feel like she rushed the album out somewhat to combat the public’s opinion on her but it didn’t do the job,,
2,,
tomatopickled82,,
•3d ago,,
Oh well is probably my favorite song ever,,
11,,
Money-Beautiful5196,,
•3d ago,,
,,
,,
I think it’s really good.,,
,,
8,,
ohwellbye,,
•3d ago,,
I really love the album. It has an 80s 90s sound to it that the synths in the songs remind me of. I had my husband listen to it and he was completely surprised on her new sound. I am so into it.,,
6,,
ChokraJawaan,,
•3d ago,,
I adore petal.,,
6,,
Xxxpeaches1,,
•3d ago,,
The whole discourse around petal reminds me of the positions haters. I still can not believe people listened to that album and was like nah I don’t like it. R and b Ariana will always always be my favorite,,
16,,
pizzaondeathrow,,
•3d ago,,
"my least favourite, haven’t listened to it again since my first listen. maybe itll get me another day",,
4,,
dobbyisafree_elf77,,
•3d ago,,
I can’t stop listening to it. Top 3 Ari albums for sure.,,
3,,
No-Boot-216,,
•3d ago,,
It’s my least favorite album of hers. I don’t really care for it. I listened to it multiple times and some of the songs grew on me a little bit but…eh. But I can also respect that as an artist she wants to experiment with different sounds and styles and this electro synth pop type style (I know she’s always been a fan of Imogen Heap) seems to be what she really enjoys making right now.,,
6,,
Fine_Recognition_751,,
•3d ago,,
"i love petal just as much as i love eternal sunshine :) i wasn't a fan before but since this new soft era of hers i started listening to ari more. i think it's a matter of preference, some people like hype, uplifting music while others like slow, introspective music and i am the latter. i was always drawn to the unique and she makes the kind of pop/rnb music that sounds like it is pop/rnb but isn't generic, if you get what i mean, she manages to stay authentic and maintain some sort of consistent sound. i kind of hate when people say her new lyrics make no sense. i heard she wrote them herself, so maybe it made sense to her🤷‍♀️ i think art is meant to be interpreted by the viewer however they feel like it should be interpreted, and the lyrics let my imagination roam a little.",,
2,,
ClarkK1964,,
•3d ago,,
"I personally am obsessed with Petal. It is best experienced as the complete work, not just songs on a playlist. It feels deeply personal from her.",,
2,,
,,
,,
,,
3,,
1 more reply,,
idkidcabtmyusername,,
•3d ago,,
"i feel like the album isn’t getting a lot of radio play and none of the songs except htimylm are rlly viral, so it might be harder for it to grow on u cause u have to actively seek it out or sit through it yourself to actually start to enjoy it.",,
,,
"for me personally, i don’t rlly like the album that much either but i think it’s just bc i don’t rlly like pop music as much as i used to.",,
3,,
Ok_Criticism_7148,,
•3d ago,,
Oh I’m 100% seeking it out. Almost everyday I go on a night walk and listen to it. I’ll tell you what I bet winter is when everyone’s gonna switch up on it because it’s an album best served cold. Let me tell you if you’ve ever experienced petal title track in the cold it’s a whole new experience,,
1,,
Sharpiesniffingshark,,
•3d ago,,
I like about three tracks off it.,,
3,,
Ok_Criticism_7148,,
•3d ago,,
Really what are they?,,
1,,
Sharpiesniffingshark,,
•3d ago,,
Hate that I made you love me Oh well Like I do,,
1,,
CharacterSeparate650,,
•3d ago,,
I love the aesthetic so much tbh but the lyrics aren’t her best and that’s okay she can improve on that for sure but I rly like kiss me so much her best intro I’ve never heard anything like that from her,,
3,,
Ok_Criticism_7148,,
•3d ago,,
"I do think occasionally the lyrics lean into cliche or stuff we heard from her before. I think the album is overall good lyrically but definitely worse than eternal sunshine. Also I love kiss me as an intro but i never reach for it, is that only me?",,
1,,
CharacterSeparate650,,
•3d ago,,
I think es deluxe had meh lyrics too idk,,
0,,
Ok_Criticism_7148,,
•3d ago,,
"Whatttt I think it has some of her best written stuff ever. Hampstead, past life and twilight zone all tell incredibly concise stories. Warm and dandelion aren’t very complex but they’re very smartly written asw",,
2,,
Continue this thread,,
ConsistentRun6092,,
•3d ago,,
"It's a grower for sure. At first listen I was disappointed and found it bleak and couldn't find anything catchy to stick on to. Gave it a few days and was obsessed with most tracks. I wanted more from the lyricism at times especially after the feral comment, but the consistency is great. Stay, Like I do, Freak and Oh well are my favorites. Bad thing & big feelings are least favorites, but still not skippable. Overall it's in my top 3 Ari albums atm",,
2,,
Ok_Criticism_7148,,
•3d ago,,
Really that’s so interesting! What’s your top 3,,
1,,
ConsistentRun6092,,
•3d ago,,
"I think right now it's thank u next, brighter days, and petal. Though I love positions as well so it's hard!",,
2,,
Ok_Criticism_7148,,
•3d ago,,
"Oh that’s very interesting. I adore thank u, next probably my second after sweetener.",,
1,,
Continue this thread,,
howsyourtummyhoney,,
•3d ago,,
"I think it’s just because (or maybe it’s just me) the album lacks bridges, and Ari is known for slaughtering a good bridge. That’s my only problem with the album overall.",,
1,,
p__a__s__t__a,,
•3d ago,,
"I loved ES so I enjoyed petal a lot but idk if years from now I’ll find myself coming back to it the same way. It feels like it’s lacking the same emotion, idk. But stay is probably up there with some of my fav songs of hers.",,
2,,
Ok_Criticism_7148,,
•3d ago,,
Stay is the first time on the album where I was like oh there she is. A lot of the time it feels very new sorta like uncharted territory. But stay and big feelings is where on my first listen I saw an Ariana I recognize. That being said it’s completely new. And petal isn’t as relatable as eternal sunshine because so much of the album is about fame and well… none of us are famous,,
2,,
purple-cyclone,,
•3d ago,,
"I love it, but it’s my first album with a hard skip in a long time. I just can’t get into freak… yet. It seems like freak is becoming the fan favorite so maybe it just needs more time to cook for me",,
1,,
Ok_Criticism_7148,,
•3d ago,,
Whaattt freak is my favorite. What about it don’t you like. It’s very sonically left field of what Ariana does so I do get it,,
1,,
Accomplished-Low9635,,
•3d ago,,
It’s grown on me for sure. The only song I can’t get into is bad thing (bunny hop).,,
1,,
Ok_Criticism_7148,,
•3d ago,,
"Me too omg. It’s my least favorite on the album. I still listen ofc but idk i can’t really put it on, I’ll let it play but I’ll never reach for it",,
2,,
Accomplished-Low9635,,
•3d ago,,
Yesss. The lyrics are nice. It’s just the music itself doesn’t click with me. It’s possible it may be an unpopular opinion of ours but oh well.,,
-1,,
Xxxpeaches1,,
•3d ago,,
🤯🤯🤯🤯 that’s crazyyy! I can’t not hear a future weekend feature if she does a deluxe,,
1,,
Ok_Criticism_7148,,
•3d ago,,
I can so see that. I want it to be a new song tho. I’d kill for a 5th song between them,,
1,,
Miserable_Media_9189,,
•3d ago,,
same! that’s the only one I just can’t get myself to like. but the rest I really like or love,,
1,,
JessB98,,
•3d ago,,
"I honestly love it, but then my opinion of her stuff has often been different to most, this one is my second favourite now after Eternal Sunshine Brighter Days Ahead",,
2,,
NeoMoonlight19,,
•3d ago,,
"Underrated masterpiece, feels more like a album filled with deep cuts rather than chart curated singles which is totaly fine by me, I'll never listen to her singles anyway except on this album because i love love love htimylm and Petal so fcking much ❤️",,
2,,
Responsible-Debt9510,,
•3d ago,,
"When it first came out, I thought ‘it’s good, but not thank u next or eternal sunshine good’. Now it’s in my top 3 with those albums, I love the dark, smoky vibe",,
2,,
trulysweetener,,
•3d ago,,
"For me it’s in my top 3 with Sweetener and Positions, so clearly I tend to like the albums that are least liked upon release lol!",,
2,,
Sufficient-Jury-5865,,
•3d ago,,
Obsessed I still listen to it everyday in the car,,
2,,
ComfortableMiddle741,,
•3d ago,,
Love petal,,
2,,
IllustratorSad9969,,
•3d ago,,
"i literally love it like no glaze 😭 i go back to it all the time i feel like i enjoy it so much because it feels so HER if that makes sense. definitely in my top 3 albums next to positions & thank u, next!",,
2,,
mosenki,,
•3d ago,,
"apparently a hot take, but as a fan for over a decade i absolutely ate petal up first listen. genuinely one of my favorite albums",,
2,,
bandxballerina,,
•3d ago,,
i personally love it. lots of new favorite tracks on there,,
2,,
GanacheExtension468,,
•3d ago,,
"I absolutely loved Petal on first listen. It’s so good. The melodies are exactly what I love. My only criticism would be I wish she went a little harder on the vocals. But the live version she put out last week was exactly what I needed. I’d say Petal is in my top 3 Ari albums. Fave tracks: Kiss Me, Oh Well, and Like I Do",,
2,,
Ill-Spell6462,,
•3d ago,,
Petal renewed my fan status.,,
,,
"I’ve been a casual fan from DW, and swt/TUN made me a Stan. But—-I know this is an unpopular opinion—the ES era just didn’t do it for me.",,
,,
Petal brought me back in. I think it might be my favorite album of hers now,,
2,,
xojlg,,
•3d ago,,
"The first time I listened I wasn’t that into it. The second time I played it through my AirPods and for some reason that changed my mind lol. I fell in love with the production of a lot of the songs and the darker, more eerie feel. I genuinely love every song except for Bad Thing lol.",,
2,,
SnooGoats6230,,
•3d ago,,
I'm obsessed with it completely,,
2,,
BrighterPOV,,
•3d ago,,
I love every single song and have since day 1. I feel like she is making albums now that she has more control over. She often talks about the “pop persona” that was created for her early on that wasn’t really her true self.,,
2,,
weeble97,,
•3d ago,,
I truly think it’s the best album of all time,,
2,,
Lumpy_Masterpiece644,,
•3d ago,,
It's definitely a grower but it just feels a little soulless to me alongside her other albums.,,
4,,
Maekawa18,,
•3d ago,,
"If I’m being completely honest, this album is definitely my Sweetner. What I mean by this it’s a completely different sound from what she’s usually done and I don’t think I’m too fond of it. Is it bad? Not by any means just very different from what I expect. This album is definitely on the lower end of my rankings from her. With sweetner being my least favorite and this following suit. I think the songs will make more sense once she releases the live album since k by for now made me love the Sweetner songs more. We shall see",,
2,,
Illustrious_Area5522,,
•3d ago,,
"I think the release of HMTIMYL kinda set the tone for what the album was gonna be for me - and unfortunately I do think it’s her weakest lead single. I even do think the delivery of some of the songs could have been better: for example the live performances of petal with all the extra passion and emotion is chef’s kiss; but on the album her voice is often very light and soft. Another thing is Ariana seems very reluctant to have any feature artists (not a bad thing) but some of my favourite all time songs of her do (eg. Safety net, let me love you), and sometimes that’s what a song is missing. That being said, it’s a still a lovely, experimental piece of what and I do have some favs - petal, freak, and never get over me!",,
2,,
jackiedhm,,
•3d ago,,
"I like some of the songs but I don't love the higher pitch she sings in on a lot of them, its hard to listen to. Kiss me and bad thing and I think nowhere nobody are the ones I have enjoyed listening to. I really like the synth music in all the songs, its just the super high pitch she sings in most of them is really hard for me to listen to.",,
,,
"Lol the down votes, I knew I would piss people off saying that but its my truth. The higher pitch does something uncomfortable to my brain, what can I say. I love love love all her albums but petal is a hard one for me to listen to",,
2,,
satirisanti,,
•3d ago,,
"I agree. I wish she’d sing in her regular tone again, that would’ve complimented the album’s sound a lot more.",,
2,,
ThrowRA_72726363,,
•3d ago,,
This is why petal is one of my least favorites on the album unfortunately. I love her but that high pitched melody combined with the synth just grates my ears,,
,,
"Like i respect what she’s going for, but i simply cannot listen to that song",,
4,,
Starbottom,,
•3d ago,,
"I absolutely love it personally. It was a very different thing for her, and lyrics confused me alot at first, but i knew I would love it. As I kept listening it only got better imo.",,
1,,
PerfectPaint2624,,
•3d ago,,
I honestly truly love it.,,
,,
"For context, I am about the same age as Ariana, just a few years younger. And I say that to say, I understand a lot of where she’s coming from and also her evolution of sound. Back when she first debuted, I definitely was into more of the poppier, high energy sound. The shift to the moodier, more mellow in comparison sound, fits me more at my current age.",,
,,
"Petal did have to grow on me a bit. I didn’t outright hate any of the songs, just needed a few listens on a couple of them to get there. But overall, really enjoyed it on first listen. I don’t know if as an album it’s unseated any of my top three (ES/ES:BDA, Positions, Sweetener). But I like that her sound keeps evolving and we get new sides to her musicality to appreciate.",,
1,,
cookie4118,,
•3d ago,,
I love petal! It’s definitely a grower. I tend to start listening to the album at stay and listen from there. However the live album is soooooo good!,,
1,,
moisteyelid,,
•3d ago,,
"a lot of Arianas music I like because it's her singing. I could listen to her voice forever. If it was released by someone else I don't think I would like it as much. This is how I feel about the entire album. Thank god it's Ariana Grande, because otherwise I don't think I would like any of it.",,
1,,
EdfishoWGF,,
•3d ago,,
"Honestly I enjoyed every song on it but it’s second to last in my album ranking (above yours truly). I enjoyed and really liked a few of the songs like kiss me, htimylm, petal, big feelings, warning signs, bad thing and nowhere nobody, but I just feel like most songs on the album have choruses that are written in a way that apart from the aforementioned songs just doesn’t sound good imo. Idk the terms to explain it well lol",,
1,,
batcatarmadillo,,
•3d ago,,
I was obsessed first listen and I definitely wasn't for positions or eternal sunshine so it's great to feel that again for her.,,
1,,
fabulousbread21,,
•3d ago,,
petal was such a grower for me personally. I didn’t really care for it when i first listened and now i really love it! it’s not my favorite of hers but i appreciate it a lot,,
1,,
sparklepuppies6,,
•2d ago,,
I love it so much and it keeps getting better,,
1,,
Dazzling_Philosophy9,,
•2d ago,,
For me it’s a beautiful album with 0 skips I started vinyl collecting because of Petal😂I bought that vinyl without having a player,,
1,,
kvaligan3,,
•2d ago,,
"I love it, but I had a feeling others wouldn’t be into it because it doesn’t have any “tea” about her personal life on it, and frankly now a days people really want to know about an artist’s personal life through their music. Also there was nothing about her relationships or breakup which I think people were expecting. I also think it’s not relatable to people which turns them off because it’s about fame and a certain section of her fan base that hates her and won’t let her move on from 2019. I love it, I love the moodiness I love singing along to it, and I think one day when she gets a biopic or books written about her it will be one of her most important albums to understand this time of her life.",,
1,,
Prudent_Signature540,,
•2d ago,,
"Petal is for all us folks who had to go thru shit we shouldn’t have to go thru. It’s beautiful for those reasons and not in a cocky way, but I think being unable to resonate with it comes with a certain amount of privilege. Not that is bad, but it’s just what it is imo",,
1,,
Fine_Reindeer_2491,,
•2d ago,,
I loveeee it,,
1,,
DealSweaty3381,,
•2d ago,,
"I had high expectations for this album and it really clicked for me. I like how Ariana plays with sound and she is more herself with it being her own music label, baby doll records. I love kiss me, oh well, warning, signs, never get over me, and nowhere nobody. And big feelingssss",,
The story is nice too. Ariana is freeing herself from the popstar persona. And I support her in that bc I love her and I want her to make music forever 💓💓,,
"From the rock version of dangerous woman with the electric guitar and hate how I made you love me, I was expecting a more bedroom pop/soft rock/groove rock so I love the genre mixingg. The overall theme makes me sad. It’s kind of like thank u, next’s older sister.",,
I find myself putting it on several times in a week <3,,
1,,
readingbritt,,
•1d ago,,
"For me it actually was one of my favorites of hers ever from the moment I first listened to it. Imo it still feels like Ari and gives you that warm hug cozy feeling, but it’s also the very first time she finally speaks up abt her frustrations in the industry and w critics and I love that! Even now after listening to it on repeat since it came out it’s gotta be in the top for best Ari album. I don’t think there’s a single song on there that I would skip so personally even though apparently that’s kinda an unpopular opinion I think it’s some of her very best work yet",,
1,,
Inteject,,
•3d ago,,
"petal has been her first album that I really looked forward to and followed since becoming a bigger AG fan. And tbh, it hasn't really clicked for me yet 😭. loved htimylm and how it sounded when it came out, and I like how a lot of the songs sound instrumental wise, but the lyrics have kept me from listening to it. I really hope it grows more on me!",,
1,,
Ok_Tackle225,,
•3d ago,,
"There are still people questioning Petal? It's her best album to date. Most grown up music. She's slowly shifting away from the boring r&b. There's change of style. But if you are fan only of the earlier Ariana, you may not like the more mature style. This music is just on another level.",,
-2,,
Ok_Criticism_7148,,
•3d ago,,
"Boring r&b lmao😭 I personally adore her rnb influenced stuff from positions and tun. and I think petal isn’t her most grown up music, eternal sunshine is far more emotionally mature. I can acknowledge something is great while still trying to have my personal connection to it. I feel music very deeply and often times my favorite albums represent sections of my life. I’m not questioning petal, I’m asking what everyone’s individual relationship to it is. So while yes I do agree it feels very mature and grown up, and has a clear artistic statement. That does not mean I have to immediately love it. Folklore is very grown up and mature but not everyone loves it. To each their own",,
4,,
YogiFair,,
•3d ago,,
"Probably because it's so much more emo and negative. Musically it's great, but it's kinda bad vibes.",,
-3,,
Ok_Criticism_7148,,
•3d ago,,
Hmm wdym by that,,
1,,
YogiFair,,
•3d ago,,
"Like it emotionally hurts to listen to, despite being very beautiful.",,
2,,
Ok_Criticism_7148,,
•3d ago,,
"Ohh got you. Sort of like thank u, next. That entire album is an emotional gut punch. Yk 7 rings and break up with your girlfriend",,
1,,
chrissysquish,,
•3d ago,,
"It’s absolutely a grower. She was really trying to get experimental but I think it’s safe to say Ari isn’t really that nor is she camp. She doesn’t like to expose herself in her music too much, she’s extremely calculated and tight lipped about what she wants to say and that reads heavily on Petal. The concept of it is good, but when you think about it, she could’ve pushed it harder and stronger. Especially considering some of the albums themes. I think stronger vocals and maybe a few more “bangers” would’ve made the album stronger for mainstream success. But as a true fan I really do love the album. Fav tracks are Bad Thing (Bunny Hop), Kiss Me, and Oh Well",,
0,,
laciesview,,
•3d ago,,
It wasn’t really my cup of tea which makes me so sad I want to like it but it’s just not the type of genre of music I like or prefer I wish I could appreciate it for what it is I can tell this is the type of music she really likes and enjoys making but different people like different things !,,
0,,
isntitisntitdelicate,,
•3d ago,,
A way weaker ES,,
0,,
EngineerBig280,,
•3d ago,,
"You articulated this so well. For me positions took quite a bit, longer than a few months, and now it's my second favorite of hers, so I won't be that surprised if that happens to petal eventually but it's definitely strange because of how new it is for her. petal after three listens for me was solidified in the bottom half of her albums like you said, even though I still love it? It's such a strange feeling this time around. I don't think she can make a bad album, but at the same time I feel so distant with this one. It's like very middle of the pack and that's okay to have when you've had a long career of hits but I have no idea how it will grow or not grow. In fact, I think I'm currently in a place where it is aging ""badly"" and I only listen to my favorites (oh well, like i do, warning signs, bad thing, stay) instead of the full album top to bottom.",,
0,,
EtenKillbeat,,
•3d ago,,
"Petal on its own is sadly one of my least favourite projects of her BUT the live recordings gave it the spark that it was missing. Even to this day when I try to play stay or like i do in their studio recordings, I end up feeling super underwhelmed, whereas I absolutely adore them in the live album.",,
,,
"Had she decided to (re)record it with the added grit, power and the additional adlibs and melodic changes, I think it could have been in my top 5 projects of her.",,
0,,
TheElusiveButterfly,,
•3d ago,,
I think it’s her worst album,,
0,,
dwbua,,
•3d ago,,
I enjoy it a lot but it’s not in her top 3,,
0,,
redeadbitch,,
•2d ago,,
"After a few listens it has grown on me a bit but it’s far from being a favorite. It’s an interesting direction to take her music on, but I don’t think it suits her, at times I felt like it borrowed too much from Imogen Heap and kind of barged into Pinkpanthress territory and it always turns me off from a project when I hear an artist sounding like another artist. I wasn’t thrown off by the subject of the album or anything like that, it just didn’t hold my attention.",,
,,
"The production goes hard but I find the overuse of staccato a bit jarring from someone who is arguably one of the best vocalist of the last decade and a lot of the vocal choices don’t compliment the songs for me. I typically feel like her albums are more dynamic and you go through a bit of an emotional rollercoaster through it but this album is much more still. I also have to say that not having any other songwriters on the album kinda burdens the project in my opinion, there’s this subtle genius in how ambiguous the album is but I feel like if a few more voices entered the chat, the lyricism would be much tighter and profound. With that being said, I could play this on the background while I clean and let it play till the end, it’s just not one of those albums that touch my heart.",,
0,,
HauntedDesert,,
•2d ago,,
"I’ve had the same opinion since my first listen. Two fine songs (neither good enough to be singles), and a bunch of filler skips. Not going to listen to it again any time soon. Love her, but it is NOT my cup of tea, and that’s perfectly alright. Not everything can impress everyone. Eternal Sunshine is a hard album to follow.",,
0,,